<addon id="service.sc.hotfix"
       name="Stream Cinema Omega hotfix"
       version="1.0.0"
       provider-name="RomanHotfix">
    <requires>
        <import addon="xbmc.python" version="3.0.0" />
    </requires>

    <!-- Spustí se jako služba po startu Kodi -->
    <extension point="xbmc.service" library="service.py" start="login" />

    <extension point="xbmc.addon.metadata">
        <summary>Hotfix pro Stream Cinema na Kodi 21 (Connection: close)</summary>
        <description>
            Jednorázově upraví soubor sc.py v doplňku Stream Cinema tak,
            aby do HTTP hlaviček přidal Connection: close a opravilo se
            padání po prvním přehrání.
        </description>
        <platform>all</platform>
    </extension>
</addon>
