<?xml version="1.0" encoding="UTF-8" standalone="yes"?>
<addon id="repository.krastewsrepo" name="KrasteWS repo" version="0.0.5" provider-name="KrasteWS">
    <extension point="xbmc.addon.repository" name="Example Repository">
        <dir>
            <info compressed="false">https://raw.githubusercontent.com/Stekra88/krastews-repo/master/repo/zips/addons.xml</info>
            <checksum>https://raw.githubusercontent.com/Stekra88/krastews-repo/master/repo/zips/addons.xml.md5</checksum>
            <datadir zip="true">https://raw.githubusercontent.com/Stekra88/krastews-repo/master/repo/zips/</datadir>
        </dir>
    </extension>
    <extension point="xbmc.addon.metadata">
        <summary>KrasteWS repo</summary>
        <description>KrasteWS repo descriptioon</description>
        <disclaimer></disclaimer>
        <platform>all</platform>
        <assets>
            <icon>icon.png</icon>
            <fanart>fanart.jpg</fanart>
        </assets>
    </extension>
</addon>